index,accepted,red_flags,green_flags,error
0,yes,[],"['clear_alignment_with_issue', 'includes_test_cases', 'high_contributor_acceptance_rate', 'manageable_number_of_changed_lines', 'clear_pr_title', 'clear_pr_description', 'clear_commit_message']",
1,yes,[],"['clear_alignment_with_issue', 'includes_test_cases', 'high_contributor_acceptance_rate', 'manageable_number_of_changed_lines', 'clear_pr_title', 'clear_pr_description', 'clear_commit_message', 'good_code_quality', 'responsive_to_feedback']",
2,yes,['low_contributor_acceptance_rate'],"['clear_alignment_with_issue', 'manageable_number_of_changed_lines', 'clear_pr_title', 'clear_pr_description', 'clear_commit_message', 'responsive_to_feedback']",
3,no,['negative_sentiment_in_comments'],"['clear_alignment_with_issue', 'includes_test_cases', 'high_contributor_acceptance_rate', 'manageable_number_of_changed_lines', 'clear_pr_title', 'clear_pr_description', 'clear_commit_message']",
4,yes,[],"['clear_alignment_with_issue', 'includes_test_cases', 'high_contributor_acceptance_rate', 'manageable_number_of_changed_lines', 'clear_pr_title', 'clear_pr_description', 'clear_commit_message', 'good_code_quality', 'responsive_to_feedback']",
5,yes,[],"['clear_alignment_with_issue', 'high_contributor_acceptance_rate', 'manageable_number_of_changed_lines', 'clear_pr_title', 'clear_pr_description', 'clear_commit_message']",
6,yes,[],"['clear_alignment_with_issue', 'includes_test_cases', 'manageable_number_of_changed_lines', 'clear_pr_title', 'clear_pr_description', 'clear_commit_message', 'high_contributor_acceptance_rate', 'responsive_to_feedback']",
8,yes,[],"['clear_alignment_with_issue', 'includes_test_cases', 'high_contributor_acceptance_rate', 'manageable_number_of_changed_lines', 'clear_pr_title', 'clear_pr_description', 'clear_commit_message', 'good_code_quality', 'responsive_to_feedback']",
9,yes,[],"['clear_alignment_with_issue', 'includes_test_cases', 'high_contributor_acceptance_rate', 'manageable_number_of_changed_lines', 'clear_pr_title', 'clear_pr_description', 'clear_commit_message', 'good_code_quality']",
10,yes,[],"['clear_alignment_with_issue', 'includes_test_cases', 'high_contributor_acceptance_rate', 'manageable_number_of_changed_lines', 'clear_pr_title', 'clear_pr_description', 'clear_commit_message', 'responsive_to_feedback']",
11,yes,[],"['clear_alignment_with_issue', 'includes_test_cases', 'high_contributor_acceptance_rate', 'manageable_number_of_changed_lines', 'clear_pr_title', 'clear_pr_description', 'clear_commit_message', 'responsive_to_feedback', 'good_code_quality']",
12,yes,[],"['clear_alignment_with_issue', 'includes_test_cases', 'high_contributor_acceptance_rate', 'manageable_number_of_changed_lines', 'clear_pr_title', 'clear_pr_description', 'clear_commit_message', 'good_code_quality', 'responsive_to_feedback']",
13,yes,[],"['clear_alignment_with_issue', 'includes_test_cases', 'manageable_number_of_changed_lines', 'clear_pr_title', 'clear_pr_description', 'clear_commit_message', 'responsive_to_feedback']",
14,yes,[],"['clear_alignment_with_issue', 'includes_test_cases', 'high_contributor_acceptance_rate', 'manageable_number_of_changed_lines', 'clear_pr_title', 'clear_pr_description', 'clear_commit_message', 'good_code_quality', 'responsive_to_feedback']",
15,yes,[],"['clear_alignment_with_issue', 'includes_test_cases', 'high_contributor_acceptance_rate', 'manageable_number_of_changed_lines', 'clear_pr_title', 'clear_pr_description', 'clear_commit_message', 'good_code_quality', 'responsive_to_feedback']",
16,yes,['missing_or_inadequate_test_cases'],"['clear_alignment_with_issue', 'high_contributor_acceptance_rate', 'manageable_number_of_changed_lines', 'clear_pr_title', 'clear_pr_description', 'clear_commit_message', 'good_code_quality', 'responsive_to_feedback']",
17,yes,[],"['clear_alignment_with_issue', 'includes_test_cases', 'high_contributor_acceptance_rate', 'manageable_number_of_changed_lines', 'clear_pr_title', 'clear_pr_description', 'clear_commit_message', 'good_code_quality']",
18,yes,[],"['clear_alignment_with_issue', 'includes_test_cases', 'high_contributor_acceptance_rate', 'manageable_number_of_changed_lines', 'clear_pr_title', 'clear_pr_description', 'clear_commit_message', 'good_code_quality', 'responsive_to_feedback']",
19,yes,[],"['clear_alignment_with_issue', 'includes_test_cases', 'high_contributor_acceptance_rate', 'manageable_number_of_changed_lines', 'clear_pr_title', 'clear_pr_description', 'clear_commit_message', 'good_code_quality', 'responsive_to_feedback']",
20,yes,[],"['clear_alignment_with_issue', 'includes_test_cases', 'high_contributor_acceptance_rate', 'manageable_number_of_changed_lines', 'clear_pr_title', 'clear_pr_description', 'clear_commit_message', 'responsive_to_feedback', 'good_code_quality']",
21,yes,[],"['clear_alignment_with_issue', 'includes_test_cases', 'high_contributor_acceptance_rate', 'manageable_number_of_changed_lines', 'clear_pr_title', 'clear_pr_description', 'clear_commit_message', 'good_code_quality', 'responsive_to_feedback']",
22,yes,['fails_tests'],"['clear_alignment_with_issue', 'includes_test_cases', 'high_contributor_acceptance_rate', 'manageable_number_of_changed_lines', 'clear_pr_title', 'clear_pr_description', 'clear_commit_message', 'responsive_to_feedback']",
23,yes,[],"['clear_alignment_with_issue', 'includes_test_cases', 'high_contributor_acceptance_rate', 'manageable_number_of_changed_lines', 'clear_pr_title', 'clear_pr_description', 'clear_commit_message', 'good_code_quality', 'responsive_to_feedback']",
24,yes,[],"['clear_alignment_with_issue', 'manageable_number_of_changed_lines', 'clear_pr_title', 'clear_pr_description', 'clear_commit_message']",
25,yes,[],"['clear_alignment_with_issue', 'includes_test_cases', 'high_contributor_acceptance_rate', 'manageable_number_of_changed_lines', 'clear_pr_title', 'clear_pr_description', 'clear_commit_message', 'good_code_quality']",
26,no,"['breaks_compatibility', 'unclear_or_missing_pr_description']","['clear_alignment_with_issue', 'high_contributor_acceptance_rate', 'manageable_number_of_changed_lines', 'clear_pr_title', 'clear_commit_message', 'responsive_to_feedback']",
27,yes,['low_contributor_acceptance_rate'],"['clear_alignment_with_issue', 'includes_test_cases', 'manageable_number_of_changed_lines', 'clear_pr_title', 'clear_pr_description', 'clear_commit_message', 'good_code_quality']",
28,yes,['low_contributor_acceptance_rate'],"['clear_alignment_with_issue', 'includes_test_cases', 'manageable_number_of_changed_lines', 'clear_pr_title', 'clear_pr_description', 'clear_commit_message', 'good_code_quality']",
29,no,"['negative_sentiment_in_comments', 'unresponsive_after_feedback', 'breaks_compatibility']","['clear_alignment_with_issue', 'includes_test_cases', 'high_contributor_acceptance_rate', 'manageable_number_of_changed_lines', 'clear_pr_title', 'clear_commit_message', 'clear_pr_description']",
30,yes,[],"['clear_alignment_with_issue', 'includes_test_cases', 'manageable_number_of_changed_lines', 'clear_pr_title', 'clear_pr_description', 'clear_commit_message', 'responsive_to_feedback']",
31,yes,[],"['clear_alignment_with_issue', 'includes_test_cases', 'high_contributor_acceptance_rate', 'manageable_number_of_changed_lines', 'clear_pr_title', 'clear_pr_description', 'clear_commit_message', 'good_code_quality']",
32,yes,[],"['clear_alignment_with_issue', 'manageable_number_of_changed_lines', 'clear_pr_title', 'clear_pr_description', 'clear_commit_message', 'high_contributor_acceptance_rate', 'good_code_quality']",
33,yes,['unresponsive_after_feedback'],"['clear_alignment_with_issue', 'high_contributor_acceptance_rate', 'manageable_number_of_changed_lines', 'clear_pr_title', 'clear_pr_description', 'clear_commit_message', 'responsive_to_feedback']",
34,no,"['negative_sentiment_in_comments', 'unclear_or_missing_pr_description']","['manageable_number_of_changed_lines', 'clear_pr_title', 'clear_commit_message']",
35,yes,[],"['clear_alignment_with_issue', 'includes_test_cases', 'high_contributor_acceptance_rate', 'manageable_number_of_changed_lines', 'clear_pr_title', 'clear_pr_description', 'clear_commit_message', 'good_code_quality', 'responsive_to_feedback']",
36,yes,[],"['clear_alignment_with_issue', 'includes_test_cases', 'manageable_number_of_changed_lines', 'clear_pr_title', 'clear_commit_message', 'responsive_to_feedback', 'good_code_quality', 'clear_pr_description', 'high_contributor_acceptance_rate', 'positive_sentiment_in_comments']",
37,no,"['negative_sentiment_in_comments', 'solution_incorrect_or_inefficient']","['clear_alignment_with_issue', 'includes_test_cases', 'manageable_number_of_changed_lines', 'clear_pr_title', 'clear_pr_description', 'clear_commit_message']",
38,no,"['negative_sentiment_in_comments', 'unclear_or_missing_pr_description', 'missing_or_inadequate_test_cases', 'solution_incorrect_or_inefficient']","['clear_alignment_with_issue', 'high_contributor_acceptance_rate', 'manageable_number_of_changed_lines', 'clear_pr_title', 'clear_commit_message']",
39,yes,['negative_sentiment_in_comments'],"['clear_alignment_with_issue', 'includes_test_cases', 'manageable_number_of_changed_lines', 'clear_pr_title', 'clear_pr_description', 'clear_commit_message']",
40,yes,[],"['clear_alignment_with_issue', 'includes_test_cases', 'manageable_number_of_changed_lines', 'clear_pr_title', 'clear_pr_description', 'clear_commit_message', 'high_contributor_acceptance_rate', 'good_code_quality']",
41,yes,[],"['clear_alignment_with_issue', 'includes_test_cases', 'high_contributor_acceptance_rate', 'manageable_number_of_changed_lines', 'clear_pr_title', 'clear_commit_message', 'good_code_quality', 'responsive_to_feedback']",
42,yes,['unclear_or_missing_pr_description'],"['clear_pr_title', 'clear_commit_message', 'manageable_number_of_changed_lines', 'includes_test_cases']",
43,yes,[],"['clear_alignment_with_issue', 'includes_test_cases', 'high_contributor_acceptance_rate', 'manageable_number_of_changed_lines', 'clear_pr_title', 'clear_pr_description', 'clear_commit_message', 'good_code_quality']",
44,yes,['unclear_or_missing_pr_description'],"['clear_alignment_with_issue', 'high_contributor_acceptance_rate', 'manageable_number_of_changed_lines', 'clear_pr_title', 'clear_commit_message', 'responsive_to_feedback', 'good_code_quality']",
45,yes,[],"['clear_alignment_with_issue', 'high_contributor_acceptance_rate', 'manageable_number_of_changed_lines', 'clear_pr_title', 'clear_pr_description', 'clear_commit_message', 'good_code_quality']",
46,yes,[],"['clear_alignment_with_issue', 'includes_test_cases', 'high_contributor_acceptance_rate', 'manageable_number_of_changed_lines', 'clear_pr_title', 'clear_pr_description', 'clear_commit_message', 'good_code_quality', 'responsive_to_feedback']",
47,yes,[],"['clear_alignment_with_issue', 'includes_test_cases', 'high_contributor_acceptance_rate', 'manageable_number_of_changed_lines', 'clear_pr_title', 'clear_pr_description', 'clear_commit_message', 'good_code_quality', 'responsive_to_feedback']",
48,yes,[],"['clear_alignment_with_issue', 'includes_test_cases', 'high_contributor_acceptance_rate', 'manageable_number_of_changed_lines', 'clear_pr_title', 'clear_pr_description', 'clear_commit_message', 'good_code_quality', 'responsive_to_feedback']",
49,yes,[],"['clear_alignment_with_issue', 'high_contributor_acceptance_rate', 'manageable_number_of_changed_lines', 'clear_pr_title', 'clear_commit_message', 'good_code_quality', 'responsive_to_feedback']",
50,yes,['unclear_or_missing_pr_description'],"['clear_alignment_with_issue', 'includes_test_cases', 'manageable_number_of_changed_lines', 'clear_pr_title', 'clear_commit_message', 'responsive_to_feedback']",
51,yes,[],"['clear_alignment_with_issue', 'includes_test_cases', 'high_contributor_acceptance_rate', 'manageable_number_of_changed_lines', 'clear_pr_title', 'clear_pr_description', 'clear_commit_message', 'good_code_quality', 'responsive_to_feedback']",
52,yes,[],"['clear_alignment_with_issue', 'includes_test_cases', 'high_contributor_acceptance_rate', 'manageable_number_of_changed_lines', 'clear_pr_title', 'clear_pr_description', 'clear_commit_message', 'good_code_quality', 'responsive_to_feedback']",
53,no,"['low_contributor_acceptance_rate', 'solution_incorrect_or_inefficient']","['clear_alignment_with_issue', 'includes_test_cases', 'manageable_number_of_changed_lines', 'clear_pr_title', 'clear_pr_description', 'clear_commit_message', 'responsive_to_feedback']",
54,yes,['breaks_compatibility'],"['clear_alignment_with_issue', 'includes_test_cases', 'high_contributor_acceptance_rate', 'manageable_number_of_changed_lines', 'clear_pr_title', 'clear_pr_description', 'clear_commit_message', 'good_code_quality', 'responsive_to_feedback']",
55,yes,[],"['clear_alignment_with_issue', 'manageable_number_of_changed_lines', 'clear_pr_title', 'clear_pr_description', 'clear_commit_message']",
56,yes,['unclear_or_missing_pr_description'],"['clear_alignment_with_issue', 'includes_test_cases', 'high_contributor_acceptance_rate', 'manageable_number_of_changed_lines', 'clear_pr_title', 'clear_commit_message', 'good_code_quality', 'responsive_to_feedback']",
57,yes,[],"['clear_alignment_with_issue', 'high_contributor_acceptance_rate', 'manageable_number_of_changed_lines', 'clear_pr_title', 'clear_commit_message', 'responsive_to_feedback', 'good_code_quality']",
58,yes,[],"['clear_alignment_with_issue', 'clear_pr_title', 'clear_pr_description', 'clear_commit_message', 'high_contributor_acceptance_rate', 'manageable_number_of_changed_lines']",
59,yes,[],"['clear_alignment_with_issue', 'includes_test_cases', 'high_contributor_acceptance_rate', 'manageable_number_of_changed_lines', 'clear_pr_title', 'clear_pr_description', 'clear_commit_message']",
60,yes,[],"['clear_alignment_with_issue', 'includes_test_cases', 'manageable_number_of_changed_lines', 'clear_pr_title', 'clear_commit_message', 'good_code_quality']",
61,yes,[],"['clear_alignment_with_issue', 'includes_test_cases', 'manageable_number_of_changed_lines', 'clear_pr_title', 'clear_pr_description', 'clear_commit_message', 'good_code_quality', 'responsive_to_feedback']",
62,yes,[],"['clear_alignment_with_issue', 'includes_test_cases', 'high_contributor_acceptance_rate', 'manageable_number_of_changed_lines', 'clear_pr_title', 'clear_pr_description', 'clear_commit_message', 'good_code_quality', 'responsive_to_feedback']",
63,yes,[],"['clear_alignment_with_issue', 'includes_test_cases', 'high_contributor_acceptance_rate', 'manageable_number_of_changed_lines', 'clear_pr_title', 'clear_pr_description', 'clear_commit_message', 'good_code_quality']",
64,yes,['large_number_of_changed_lines'],"['clear_alignment_with_issue', 'includes_test_cases', 'high_contributor_acceptance_rate', 'clear_pr_title', 'clear_pr_description', 'clear_commit_message', 'good_code_quality', 'responsive_to_feedback']",
65,yes,[],"['clear_alignment_with_issue', 'includes_test_cases', 'high_contributor_acceptance_rate', 'manageable_number_of_changed_lines', 'clear_pr_title', 'clear_pr_description', 'clear_commit_message', 'good_code_quality', 'responsive_to_feedback']",
66,yes,[],"['clear_alignment_with_issue', 'includes_test_cases', 'high_contributor_acceptance_rate', 'manageable_number_of_changed_lines', 'clear_pr_title', 'clear_pr_description', 'clear_commit_message', 'good_code_quality']",
67,yes,['unclear_or_missing_pr_description'],"['clear_alignment_with_issue', 'includes_test_cases', 'high_contributor_acceptance_rate', 'manageable_number_of_changed_lines', 'clear_pr_title', 'clear_commit_message', 'good_code_quality']",
68,yes,[],"['clear_alignment_with_issue', 'includes_test_cases', 'high_contributor_acceptance_rate', 'manageable_number_of_changed_lines', 'clear_pr_title', 'clear_pr_description', 'clear_commit_message', 'good_code_quality', 'responsive_to_feedback']",
69,yes,[],"['clear_alignment_with_issue', 'includes_test_cases', 'high_contributor_acceptance_rate', 'manageable_number_of_changed_lines', 'clear_pr_title', 'clear_pr_description', 'clear_commit_message', 'good_code_quality', 'responsive_to_feedback']",
70,yes,['unclear_or_missing_pr_description'],"['clear_alignment_with_issue', 'includes_test_cases', 'high_contributor_acceptance_rate', 'manageable_number_of_changed_lines', 'clear_pr_title', 'clear_commit_message', 'good_code_quality', 'responsive_to_feedback']",
71,yes,[],"['clear_alignment_with_issue', 'includes_test_cases', 'high_contributor_acceptance_rate', 'manageable_number_of_changed_lines', 'clear_pr_title', 'clear_pr_description', 'clear_commit_message', 'good_code_quality', 'responsive_to_feedback']",
72,yes,[],"['clear_alignment_with_issue', 'includes_test_cases', 'high_contributor_acceptance_rate', 'manageable_number_of_changed_lines', 'clear_pr_title', 'clear_pr_description', 'clear_commit_message', 'good_code_quality', 'responsive_to_feedback']",
73,yes,[],"['clear_alignment_with_issue', 'includes_test_cases', 'high_contributor_acceptance_rate', 'manageable_number_of_changed_lines', 'clear_pr_title', 'clear_pr_description', 'clear_commit_message', 'good_code_quality', 'responsive_to_feedback']",
74,yes,[],"['clear_alignment_with_issue', 'includes_test_cases', 'high_contributor_acceptance_rate', 'manageable_number_of_changed_lines', 'clear_pr_title', 'clear_pr_description', 'clear_commit_message', 'good_code_quality', 'responsive_to_feedback']",
75,yes,['unclear_or_missing_pr_description'],"['clear_alignment_with_issue', 'includes_test_cases', 'high_contributor_acceptance_rate', 'manageable_number_of_changed_lines', 'clear_pr_title', 'clear_commit_message', 'good_code_quality']",
76,yes,['low_contributor_acceptance_rate'],"['clear_alignment_with_issue', 'includes_test_cases', 'manageable_number_of_changed_lines', 'clear_pr_title', 'clear_pr_description', 'clear_commit_message', 'good_code_quality', 'responsive_to_feedback', 'positive_sentiment_in_comments']",
77,yes,[],"['clear_alignment_with_issue', 'includes_test_cases', 'high_contributor_acceptance_rate', 'manageable_number_of_changed_lines', 'clear_pr_title', 'clear_pr_description', 'clear_commit_message', 'good_code_quality', 'responsive_to_feedback']",
78,yes,['unclear_or_missing_pr_description'],"['clear_alignment_with_issue', 'includes_test_cases', 'high_contributor_acceptance_rate', 'manageable_number_of_changed_lines', 'clear_pr_title', 'clear_commit_message', 'good_code_quality', 'responsive_to_feedback']",
79,yes,[],"['clear_alignment_with_issue', 'includes_test_cases', 'high_contributor_acceptance_rate', 'manageable_number_of_changed_lines', 'clear_pr_title', 'clear_pr_description', 'clear_commit_message', 'good_code_quality', 'responsive_to_feedback']",
80,yes,[],"['clear_alignment_with_issue', 'includes_test_cases', 'high_contributor_acceptance_rate', 'manageable_number_of_changed_lines', 'clear_pr_title', 'clear_pr_description', 'clear_commit_message', 'good_code_quality', 'responsive_to_feedback']",
81,yes,[],"['clear_alignment_with_issue', 'includes_test_cases', 'high_contributor_acceptance_rate', 'manageable_number_of_changed_lines', 'clear_pr_title', 'clear_pr_description', 'clear_commit_message', 'good_code_quality', 'responsive_to_feedback']",
82,yes,"['unclear_or_missing_pr_description', 'unclear_or_missing_commit_messages']","['clear_alignment_with_issue', 'includes_test_cases', 'manageable_number_of_changed_lines']",
83,yes,"['low_contributor_acceptance_rate', 'unclear_or_missing_commit_messages', 'fails_tests']","['clear_alignment_with_issue', 'includes_test_cases', 'clear_pr_title', 'clear_pr_description', 'responsive_to_feedback', 'manageable_number_of_changed_lines']",
84,yes,[],"['clear_alignment_with_issue', 'high_contributor_acceptance_rate', 'manageable_number_of_changed_lines', 'clear_pr_title', 'clear_commit_message', 'responsive_to_feedback', 'good_code_quality']",
85,yes,['unclear_or_missing_pr_description'],"['clear_alignment_with_issue', 'includes_test_cases', 'high_contributor_acceptance_rate', 'manageable_number_of_changed_lines', 'clear_pr_title', 'clear_commit_message', 'good_code_quality', 'responsive_to_feedback']",
86,yes,[],"['clear_alignment_with_issue', 'includes_test_cases', 'high_contributor_acceptance_rate', 'manageable_number_of_changed_lines', 'clear_pr_title', 'clear_pr_description', 'clear_commit_message', 'good_code_quality', 'responsive_to_feedback']",
87,yes,[],"['clear_alignment_with_issue', 'includes_test_cases', 'manageable_number_of_changed_lines', 'clear_pr_title', 'clear_pr_description', 'clear_commit_message', 'good_code_quality', 'responsive_to_feedback']",
88,yes,['unclear_or_missing_pr_description'],"['clear_alignment_with_issue', 'high_contributor_acceptance_rate', 'manageable_number_of_changed_lines', 'clear_pr_title', 'clear_commit_message', 'good_code_quality']",
89,yes,[],"['clear_alignment_with_issue', 'includes_test_cases', 'high_contributor_acceptance_rate', 'manageable_number_of_changed_lines', 'clear_pr_title', 'clear_pr_description', 'clear_commit_message', 'good_code_quality', 'responsive_to_feedback']",
90,yes,[],"['clear_alignment_with_issue', 'includes_test_cases', 'high_contributor_acceptance_rate', 'manageable_number_of_changed_lines', 'clear_pr_title', 'clear_pr_description', 'clear_commit_message', 'good_code_quality', 'responsive_to_feedback']",
91,yes,[],"['clear_alignment_with_issue', 'includes_test_cases', 'high_contributor_acceptance_rate', 'manageable_number_of_changed_lines', 'clear_pr_title', 'clear_pr_description', 'clear_commit_message', 'good_code_quality', 'responsive_to_feedback']",
92,yes,[],"['clear_alignment_with_issue', 'includes_test_cases', 'high_contributor_acceptance_rate', 'manageable_number_of_changed_lines', 'clear_pr_title', 'clear_pr_description', 'clear_commit_message', 'good_code_quality', 'responsive_to_feedback']",
93,yes,[],"['clear_alignment_with_issue', 'includes_test_cases', 'high_contributor_acceptance_rate', 'manageable_number_of_changed_lines', 'clear_pr_title', 'clear_pr_description', 'clear_commit_message', 'good_code_quality', 'responsive_to_feedback']",
94,yes,[],"['clear_alignment_with_issue', 'includes_test_cases', 'high_contributor_acceptance_rate', 'manageable_number_of_changed_lines', 'clear_pr_title', 'clear_pr_description', 'clear_commit_message', 'good_code_quality', 'responsive_to_feedback']",
95,yes,[],"['clear_alignment_with_issue', 'manageable_number_of_changed_lines', 'clear_pr_title', 'clear_pr_description', 'clear_commit_message']",
96,yes,[],"['clear_alignment_with_issue', 'includes_test_cases', 'high_contributor_acceptance_rate', 'manageable_number_of_changed_lines', 'clear_pr_title', 'clear_pr_description', 'clear_commit_message', 'good_code_quality', 'responsive_to_feedback']",
97,yes,['unclear_or_missing_pr_description'],"['clear_alignment_with_issue', 'high_contributor_acceptance_rate', 'manageable_number_of_changed_lines', 'clear_pr_title', 'clear_commit_message', 'good_code_quality']",
98,yes,[],"['clear_alignment_with_issue', 'includes_test_cases', 'high_contributor_acceptance_rate', 'manageable_number_of_changed_lines', 'clear_pr_title', 'clear_pr_description', 'clear_commit_message', 'good_code_quality', 'responsive_to_feedback']",
99,yes,[],"['clear_alignment_with_issue', 'includes_test_cases', 'high_contributor_acceptance_rate', 'manageable_number_of_changed_lines', 'clear_pr_title', 'clear_pr_description', 'clear_commit_message', 'good_code_quality', 'responsive_to_feedback']",
100,no,['solution_incorrect_or_inefficient'],"['clear_alignment_with_issue', 'high_contributor_acceptance_rate', 'manageable_number_of_changed_lines', 'clear_pr_title', 'clear_pr_description', 'clear_commit_message', 'responsive_to_feedback']",
101,no,"['solution_incorrect_or_inefficient', 'unclear_or_missing_pr_description']","['clear_alignment_with_issue', 'manageable_number_of_changed_lines', 'high_contributor_acceptance_rate', 'clear_pr_title', 'clear_commit_message']",
102,yes,"['negative_sentiment_in_comments', 'low_contributor_acceptance_rate']","['clear_alignment_with_issue', 'high_contributor_acceptance_rate', 'manageable_number_of_changed_lines', 'clear_pr_title', 'clear_commit_message', 'responsive_to_feedback']",
103,no,"['negative_sentiment_in_comments', 'unclear_or_missing_pr_description', 'solution_incorrect_or_inefficient']","['clear_alignment_with_issue', 'high_contributor_acceptance_rate', 'manageable_number_of_changed_lines', 'clear_pr_title', 'clear_commit_message']",
104,yes,[],"['clear_alignment_with_issue', 'high_contributor_acceptance_rate', 'manageable_number_of_changed_lines', 'clear_pr_title', 'clear_commit_message']",
105,no,"['low_contributor_acceptance_rate', 'unresponsive_after_feedback']","['clear_alignment_with_issue', 'manageable_number_of_changed_lines', 'clear_pr_title', 'clear_pr_description', 'clear_commit_message']",
106,yes,[],"['clear_alignment_with_issue', 'includes_test_cases', 'high_contributor_acceptance_rate', 'manageable_number_of_changed_lines', 'clear_pr_title', 'clear_pr_description', 'clear_commit_message', 'good_code_quality', 'responsive_to_feedback']",
107,yes,[],"['clear_alignment_with_issue', 'includes_test_cases', 'high_contributor_acceptance_rate', 'manageable_number_of_changed_lines', 'clear_pr_title', 'clear_pr_description', 'clear_commit_message', 'good_code_quality', 'responsive_to_feedback']",
108,no,"['low_contributor_acceptance_rate', 'negative_sentiment_in_comments', 'fails_tests', 'breaks_compatibility']","['clear_alignment_with_issue', 'includes_test_cases', 'manageable_number_of_changed_lines', 'clear_pr_title', 'clear_pr_description', 'clear_commit_message', 'responsive_to_feedback']",
109,yes,[],"['clear_alignment_with_issue', 'clear_pr_description', 'clear_pr_title', 'clear_commit_message', 'manageable_number_of_changed_lines', 'responsive_to_feedback']",
110,no,['solution_incorrect_or_inefficient'],"['clear_alignment_with_issue', 'high_contributor_acceptance_rate', 'manageable_number_of_changed_lines', 'clear_pr_title', 'clear_pr_description', 'clear_commit_message']",
111,yes,['negative_sentiment_in_comments'],"['clear_alignment_with_issue', 'includes_test_cases', 'high_contributor_acceptance_rate', 'manageable_number_of_changed_lines', 'clear_pr_title', 'clear_pr_description', 'clear_commit_message', 'good_code_quality']",
112,yes,[],"['clear_alignment_with_issue', 'high_contributor_acceptance_rate', 'manageable_number_of_changed_lines', 'clear_pr_title', 'clear_pr_description', 'clear_commit_message', 'good_code_quality']",
113,yes,[],"['clear_alignment_with_issue', 'includes_test_cases', 'high_contributor_acceptance_rate', 'manageable_number_of_changed_lines', 'clear_pr_title', 'clear_pr_description', 'clear_commit_message', 'good_code_quality', 'responsive_to_feedback']",
114,no,"['breaks_compatibility', 'negative_sentiment_in_comments']","['clear_alignment_with_issue', 'manageable_number_of_changed_lines', 'clear_pr_title', 'clear_commit_message', 'high_contributor_acceptance_rate']",
115,yes,[],"['clear_alignment_with_issue', 'includes_test_cases', 'high_contributor_acceptance_rate', 'manageable_number_of_changed_lines', 'clear_pr_title', 'clear_pr_description', 'clear_commit_message', 'good_code_quality', 'responsive_to_feedback']",
116,yes,['unclear_or_missing_pr_title'],"['clear_alignment_with_issue', 'includes_test_cases', 'high_contributor_acceptance_rate', 'manageable_number_of_changed_lines', 'clear_pr_description', 'clear_commit_message', 'good_code_quality', 'responsive_to_feedback']",
117,yes,"['unclear_or_missing_pr_title', 'unclear_or_missing_commit_messages', 'negative_sentiment_in_comments']","['clear_alignment_with_issue', 'includes_test_cases', 'high_contributor_acceptance_rate', 'manageable_number_of_changed_lines', 'clear_pr_description']",
118,yes,[],"['clear_alignment_with_issue', 'includes_test_cases', 'high_contributor_acceptance_rate', 'manageable_number_of_changed_lines', 'clear_pr_title', 'clear_pr_description', 'clear_commit_message', 'good_code_quality']",
119,yes,[],"['clear_alignment_with_issue', 'includes_test_cases', 'high_contributor_acceptance_rate', 'manageable_number_of_changed_lines', 'clear_pr_title', 'clear_pr_description', 'clear_commit_message', 'good_code_quality', 'responsive_to_feedback']",
120,yes,[],"['clear_alignment_with_issue', 'includes_test_cases', 'high_contributor_acceptance_rate', 'manageable_number_of_changed_lines', 'clear_pr_title', 'clear_pr_description', 'clear_commit_message', 'good_code_quality', 'responsive_to_feedback']",
121,no,"['missing_or_inadequate_test_cases', 'large_number_of_changed_lines', 'low_contributor_acceptance_rate', 'negative_sentiment_in_comments', 'unresponsive_after_feedback']","['clear_alignment_with_issue', 'clear_pr_title', 'clear_commit_message', 'clear_pr_description']",
122,yes,[],"['clear_alignment_with_issue', 'includes_test_cases', 'high_contributor_acceptance_rate', 'manageable_number_of_changed_lines', 'clear_pr_title', 'clear_pr_description', 'clear_commit_message', 'good_code_quality', 'responsive_to_feedback']",
123,yes,['negative_sentiment_in_comments'],"['clear_alignment_with_issue', 'includes_test_cases', 'high_contributor_acceptance_rate', 'manageable_number_of_changed_lines', 'clear_pr_title', 'clear_pr_description', 'clear_commit_message', 'good_code_quality', 'responsive_to_feedback']",
124,yes,[],"['clear_alignment_with_issue', 'includes_test_cases', 'high_contributor_acceptance_rate', 'manageable_number_of_changed_lines', 'clear_pr_title', 'clear_pr_description', 'clear_commit_message', 'good_code_quality', 'responsive_to_feedback']",
125,yes,[],"['clear_alignment_with_issue', 'includes_test_cases', 'high_contributor_acceptance_rate', 'manageable_number_of_changed_lines', 'clear_pr_title', 'clear_pr_description', 'clear_commit_message', 'good_code_quality', 'responsive_to_feedback']",
126,yes,[],"['clear_alignment_with_issue', 'includes_test_cases', 'high_contributor_acceptance_rate', 'manageable_number_of_changed_lines', 'clear_pr_title', 'clear_pr_description', 'clear_commit_message', 'good_code_quality', 'responsive_to_feedback']",
127,yes,[],"['clear_alignment_with_issue', 'includes_test_cases', 'high_contributor_acceptance_rate', 'manageable_number_of_changed_lines', 'clear_pr_title', 'clear_pr_description', 'clear_commit_message', 'good_code_quality', 'responsive_to_feedback']",
128,yes,[],"['clear_alignment_with_issue', 'includes_test_cases', 'high_contributor_acceptance_rate', 'manageable_number_of_changed_lines', 'clear_pr_title', 'clear_pr_description', 'clear_commit_message', 'good_code_quality', 'responsive_to_feedback']",
129,yes,[],"['clear_alignment_with_issue', 'includes_test_cases', 'high_contributor_acceptance_rate', 'manageable_number_of_changed_lines', 'clear_pr_title', 'clear_pr_description', 'clear_commit_message', 'good_code_quality', 'responsive_to_feedback']",
130,yes,[],"['clear_alignment_with_issue', 'includes_test_cases', 'high_contributor_acceptance_rate', 'manageable_number_of_changed_lines', 'clear_pr_title', 'clear_pr_description', 'clear_commit_message', 'good_code_quality', 'responsive_to_feedback']",
131,yes,[],"['clear_alignment_with_issue', 'includes_test_cases', 'high_contributor_acceptance_rate', 'manageable_number_of_changed_lines', 'clear_pr_title', 'clear_pr_description', 'clear_commit_message', 'good_code_quality', 'responsive_to_feedback']",
132,yes,[],"['clear_alignment_with_issue', 'includes_test_cases', 'manageable_number_of_changed_lines', 'clear_pr_title', 'clear_pr_description', 'clear_commit_message', 'good_code_quality']",
133,yes,[],"['clear_alignment_with_issue', 'includes_test_cases', 'high_contributor_acceptance_rate', 'manageable_number_of_changed_lines', 'clear_pr_title', 'clear_pr_description', 'clear_commit_message', 'good_code_quality', 'responsive_to_feedback']",
134,yes,[],"['clear_alignment_with_issue', 'includes_test_cases', 'high_contributor_acceptance_rate', 'manageable_number_of_changed_lines', 'clear_pr_title', 'clear_pr_description', 'clear_commit_message', 'good_code_quality', 'responsive_to_feedback']",
135,yes,[],"['clear_alignment_with_issue', 'includes_test_cases', 'high_contributor_acceptance_rate', 'manageable_number_of_changed_lines', 'clear_pr_title', 'clear_pr_description', 'clear_commit_message', 'responsive_to_feedback', 'good_code_quality']",
136,yes,[],"['clear_alignment_with_issue', 'includes_test_cases', 'high_contributor_acceptance_rate', 'manageable_number_of_changed_lines', 'clear_pr_title', 'clear_pr_description', 'clear_commit_message', 'good_code_quality', 'responsive_to_feedback']",
137,no,['large_number_of_changed_lines'],"['clear_alignment_with_issue', 'high_contributor_acceptance_rate', 'clear_pr_title', 'clear_pr_description', 'includes_test_cases']",
138,yes,[],"['clear_alignment_with_issue', 'includes_test_cases', 'high_contributor_acceptance_rate', 'manageable_number_of_changed_lines', 'clear_pr_title', 'clear_pr_description', 'clear_commit_message', 'good_code_quality', 'responsive_to_feedback']",
139,yes,[],"['clear_alignment_with_issue', 'includes_test_cases', 'high_contributor_acceptance_rate', 'manageable_number_of_changed_lines', 'clear_pr_title', 'clear_pr_description', 'clear_commit_message', 'good_code_quality', 'responsive_to_feedback']",
140,yes,[],"['clear_alignment_with_issue', 'includes_test_cases', 'high_contributor_acceptance_rate', 'manageable_number_of_changed_lines', 'clear_pr_title', 'clear_pr_description', 'clear_commit_message', 'good_code_quality', 'responsive_to_feedback']",
141,yes,[],"['clear_alignment_with_issue', 'includes_test_cases', 'good_code_quality', 'responsive_to_feedback', 'manageable_number_of_changed_lines', 'clear_pr_title', 'clear_pr_description', 'clear_commit_message', 'positive_sentiment_in_comments']",
142,yes,[],"['clear_alignment_with_issue', 'includes_test_cases', 'high_contributor_acceptance_rate', 'manageable_number_of_changed_lines', 'clear_pr_title', 'clear_pr_description', 'clear_commit_message', 'good_code_quality', 'responsive_to_feedback']",
143,yes,['unclear_or_missing_pr_title'],"['clear_alignment_with_issue', 'includes_test_cases', 'high_contributor_acceptance_rate', 'manageable_number_of_changed_lines', 'clear_pr_description', 'clear_commit_message', 'responsive_to_feedback', 'good_code_quality']",
144,yes,[],"['clear_alignment_with_issue', 'includes_test_cases', 'high_contributor_acceptance_rate', 'manageable_number_of_changed_lines', 'clear_pr_title', 'clear_pr_description', 'clear_commit_message', 'good_code_quality', 'responsive_to_feedback']",
145,yes,[],"['clear_alignment_with_issue', 'includes_test_cases', 'high_contributor_acceptance_rate', 'manageable_number_of_changed_lines', 'clear_pr_title', 'clear_pr_description', 'clear_commit_message', 'good_code_quality', 'responsive_to_feedback']",
146,no,"['negative_sentiment_in_comments', 'low_contributor_acceptance_rate']","['clear_alignment_with_issue', 'includes_test_cases', 'manageable_number_of_changed_lines', 'clear_pr_title', 'clear_pr_description', 'clear_commit_message', 'responsive_to_feedback']",
147,yes,[],"['clear_alignment_with_issue', 'includes_test_cases', 'high_contributor_acceptance_rate', 'manageable_number_of_changed_lines', 'clear_pr_title', 'clear_pr_description', 'clear_commit_message', 'good_code_quality', 'responsive_to_feedback']",
148,yes,[],"['clear_alignment_with_issue', 'includes_test_cases', 'high_contributor_acceptance_rate', 'manageable_number_of_changed_lines', 'clear_pr_title', 'clear_pr_description', 'clear_commit_message', 'good_code_quality', 'responsive_to_feedback']",
149,yes,[],"['clear_alignment_with_issue', 'includes_test_cases', 'high_contributor_acceptance_rate', 'manageable_number_of_changed_lines', 'clear_pr_title', 'clear_pr_description', 'clear_commit_message', 'good_code_quality', 'responsive_to_feedback']",
150,yes,[],"['clear_alignment_with_issue', 'includes_test_cases', 'high_contributor_acceptance_rate', 'manageable_number_of_changed_lines', 'clear_pr_title', 'clear_pr_description', 'good_code_quality', 'responsive_to_feedback', 'clear_commit_message']",
151,yes,['unclear_or_missing_pr_description'],"['clear_alignment_with_issue', 'includes_test_cases', 'high_contributor_acceptance_rate', 'manageable_number_of_changed_lines', 'clear_pr_title', 'clear_commit_message', 'good_code_quality', 'responsive_to_feedback']",
152,no,['negative_sentiment_in_comments'],"['clear_alignment_with_issue', 'high_contributor_acceptance_rate', 'manageable_number_of_changed_lines', 'clear_pr_title', 'clear_pr_description', 'clear_commit_message']",
153,no,"['negative_sentiment_in_comments', 'unresponsive_after_feedback']","['clear_alignment_with_issue', 'includes_test_cases', 'high_contributor_acceptance_rate', 'manageable_number_of_changed_lines', 'clear_pr_title', 'clear_pr_description', 'clear_commit_message', 'good_code_quality']",
154,no,['negative_sentiment_in_comments'],"['clear_alignment_with_issue', 'includes_test_cases', 'high_contributor_acceptance_rate', 'manageable_number_of_changed_lines', 'clear_pr_title', 'clear_pr_description', 'clear_commit_message']",
155,no,"['negative_sentiment_in_comments', 'low_contributor_acceptance_rate', 'solution_incorrect_or_inefficient']","['clear_alignment_with_issue', 'manageable_number_of_changed_lines', 'clear_pr_title', 'clear_pr_description', 'clear_commit_message']",
156,yes,[],"['clear_alignment_with_issue', 'high_contributor_acceptance_rate', 'manageable_number_of_changed_lines', 'clear_pr_title', 'clear_pr_description', 'clear_commit_message']",
157,yes,[],"['clear_alignment_with_issue', 'manageable_number_of_changed_lines', 'clear_pr_title', 'clear_pr_description', 'clear_commit_message']",
158,no,"['large_number_of_changed_lines', 'solution_incorrect_or_inefficient', 'negative_sentiment_in_comments']","['clear_alignment_with_issue', 'includes_test_cases', 'high_contributor_acceptance_rate', 'clear_pr_title', 'clear_pr_description', 'clear_commit_message']",
159,yes,[],"['clear_alignment_with_issue', 'includes_test_cases', 'high_contributor_acceptance_rate', 'manageable_number_of_changed_lines', 'clear_pr_title', 'clear_pr_description', 'clear_commit_message', 'good_code_quality', 'responsive_to_feedback']",
160,no,"['pr_not_aligned_with_issue', 'negative_sentiment_in_comments']","['clear_pr_title', 'clear_pr_description', 'clear_commit_message', 'includes_test_cases', 'manageable_number_of_changed_lines', 'high_contributor_acceptance_rate']",
161,no,"['unresponsive_after_feedback', 'negative_sentiment_in_comments']","['clear_alignment_with_issue', 'includes_test_cases', 'high_contributor_acceptance_rate', 'manageable_number_of_changed_lines', 'clear_pr_title', 'clear_pr_description', 'clear_commit_message']",
162,no,"['negative_sentiment_in_comments', 'missing_or_inadequate_test_cases', 'large_number_of_changed_lines', 'low_contributor_acceptance_rate', 'unclear_or_missing_pr_description']","['clear_alignment_with_issue', 'clear_pr_title', 'clear_commit_message', 'responsive_to_feedback']",
163,yes,[],"['clear_alignment_with_issue', 'includes_test_cases', 'manageable_number_of_changed_lines', 'clear_pr_title', 'clear_pr_description', 'clear_commit_message', 'good_code_quality', 'responsive_to_feedback']",
164,yes,['unclear_or_missing_pr_description'],"['clear_alignment_with_issue', 'includes_test_cases', 'manageable_number_of_changed_lines', 'clear_pr_title', 'clear_commit_message', 'good_code_quality']",
165,no,"['missing_or_inadequate_test_cases', 'negative_sentiment_in_comments']","['clear_alignment_with_issue', 'high_contributor_acceptance_rate', 'manageable_number_of_changed_lines', 'clear_pr_title', 'clear_commit_message']",
166,no,"['negative_sentiment_in_comments', 'unclear_or_missing_pr_description', 'poor_code_quality', 'solution_incorrect_or_inefficient']","['clear_alignment_with_issue', 'manageable_number_of_changed_lines', 'clear_pr_title', 'clear_commit_message', 'high_contributor_acceptance_rate']",
167,yes,[],"['clear_alignment_with_issue', 'includes_test_cases', 'high_contributor_acceptance_rate', 'manageable_number_of_changed_lines', 'clear_pr_title', 'clear_pr_description', 'clear_commit_message', 'good_code_quality', 'responsive_to_feedback']",
168,yes,[],"['clear_alignment_with_issue', 'includes_test_cases', 'high_contributor_acceptance_rate', 'manageable_number_of_changed_lines', 'clear_pr_title', 'clear_pr_description', 'clear_commit_message', 'good_code_quality', 'responsive_to_feedback']",
169,no,"['negative_sentiment_in_comments', 'low_contributor_acceptance_rate', 'solution_incorrect_or_inefficient']","['clear_alignment_with_issue', 'includes_test_cases', 'manageable_number_of_changed_lines', 'clear_pr_title', 'clear_pr_description', 'clear_commit_message']",
170,yes,[],"['clear_alignment_with_issue', 'clear_pr_title', 'clear_pr_description', 'clear_commit_message', 'manageable_number_of_changed_lines', 'responsive_to_feedback']",
171,yes,[],"['clear_alignment_with_issue', 'includes_test_cases', 'high_contributor_acceptance_rate', 'manageable_number_of_changed_lines', 'clear_pr_title', 'clear_pr_description', 'clear_commit_message', 'good_code_quality', 'responsive_to_feedback']",
172,yes,[],"['clear_alignment_with_issue', 'includes_test_cases', 'manageable_number_of_changed_lines', 'clear_pr_title', 'clear_pr_description', 'clear_commit_message', 'positive_sentiment_in_comments']",
173,yes,[],"['clear_alignment_with_issue', 'high_contributor_acceptance_rate', 'manageable_number_of_changed_lines', 'clear_pr_title', 'clear_pr_description', 'clear_commit_message', 'responsive_to_feedback']",
174,yes,[],"['clear_alignment_with_issue', 'includes_test_cases', 'high_contributor_acceptance_rate', 'manageable_number_of_changed_lines', 'clear_pr_title', 'clear_pr_description', 'clear_commit_message', 'responsive_to_feedback', 'good_code_quality', 'positive_sentiment_in_comments']",
175,yes,[],"['clear_alignment_with_issue', 'includes_test_cases', 'high_contributor_acceptance_rate', 'manageable_number_of_changed_lines', 'clear_pr_title', 'clear_pr_description', 'clear_commit_message', 'good_code_quality', 'responsive_to_feedback']",
176,yes,[],"['clear_alignment_with_issue', 'includes_test_cases', 'high_contributor_acceptance_rate', 'manageable_number_of_changed_lines', 'clear_pr_title', 'clear_pr_description', 'clear_commit_message', 'good_code_quality', 'responsive_to_feedback']",
177,yes,[],"['clear_alignment_with_issue', 'includes_test_cases', 'high_contributor_acceptance_rate', 'manageable_number_of_changed_lines', 'clear_pr_title', 'clear_pr_description', 'clear_commit_message', 'good_code_quality', 'responsive_to_feedback']",
178,yes,[],"['clear_alignment_with_issue', 'includes_test_cases', 'high_contributor_acceptance_rate', 'manageable_number_of_changed_lines', 'clear_pr_title', 'clear_pr_description', 'clear_commit_message', 'positive_sentiment_in_comments', 'good_code_quality', 'responsive_to_feedback']",
179,yes,[],"['clear_alignment_with_issue', 'manageable_number_of_changed_lines', 'clear_pr_title', 'clear_commit_message', 'high_contributor_acceptance_rate', 'clear_pr_description', 'good_code_quality']",
180,yes,[],"['clear_alignment_with_issue', 'includes_test_cases', 'high_contributor_acceptance_rate', 'manageable_number_of_changed_lines', 'clear_pr_title', 'clear_pr_description', 'clear_commit_message', 'good_code_quality', 'responsive_to_feedback']",
181,yes,[],"['clear_alignment_with_issue', 'includes_test_cases', 'high_contributor_acceptance_rate', 'manageable_number_of_changed_lines', 'clear_pr_title', 'clear_pr_description', 'clear_commit_message', 'good_code_quality', 'responsive_to_feedback']",
182,yes,[],"['clear_alignment_with_issue', 'manageable_number_of_changed_lines', 'clear_pr_title', 'clear_pr_description', 'clear_commit_message']",
183,yes,[],"['clear_alignment_with_issue', 'includes_test_cases', 'high_contributor_acceptance_rate', 'manageable_number_of_changed_lines', 'clear_pr_title', 'clear_pr_description', 'clear_commit_message', 'good_code_quality', 'responsive_to_feedback']",
184,yes,[],"['clear_alignment_with_issue', 'includes_test_cases', 'manageable_number_of_changed_lines', 'clear_pr_title', 'clear_pr_description', 'clear_commit_message', 'high_contributor_acceptance_rate', 'good_code_quality']",
185,yes,['negative_sentiment_in_comments'],"['clear_alignment_with_issue', 'includes_test_cases', 'high_contributor_acceptance_rate', 'manageable_number_of_changed_lines', 'clear_pr_title', 'clear_pr_description', 'clear_commit_message', 'good_code_quality', 'responsive_to_feedback']",
186,yes,[],"['clear_alignment_with_issue', 'includes_test_cases', 'high_contributor_acceptance_rate', 'manageable_number_of_changed_lines', 'clear_pr_title', 'clear_pr_description', 'clear_commit_message', 'good_code_quality', 'responsive_to_feedback']",
187,yes,[],"['clear_alignment_with_issue', 'includes_test_cases', 'high_contributor_acceptance_rate', 'manageable_number_of_changed_lines', 'clear_pr_title', 'clear_commit_message', 'clear_pr_description', 'good_code_quality']",
188,yes,[],"['clear_alignment_with_issue', 'includes_test_cases', 'high_contributor_acceptance_rate', 'manageable_number_of_changed_lines', 'clear_pr_title', 'clear_pr_description', 'clear_commit_message', 'good_code_quality', 'responsive_to_feedback']",
189,yes,[],"['clear_alignment_with_issue', 'includes_test_cases', 'high_contributor_acceptance_rate', 'manageable_number_of_changed_lines', 'clear_pr_title', 'clear_pr_description', 'clear_commit_message', 'good_code_quality', 'responsive_to_feedback']",
190,yes,[],"['clear_alignment_with_issue', 'includes_test_cases', 'high_contributor_acceptance_rate', 'manageable_number_of_changed_lines', 'clear_pr_title', 'clear_pr_description', 'clear_commit_message', 'good_code_quality', 'responsive_to_feedback']",
191,yes,[],"['clear_alignment_with_issue', 'includes_test_cases', 'high_contributor_acceptance_rate', 'manageable_number_of_changed_lines', 'clear_pr_title', 'clear_pr_description', 'clear_commit_message', 'good_code_quality', 'responsive_to_feedback']",
192,yes,['breaks_compatibility'],"['clear_alignment_with_issue', 'manageable_number_of_changed_lines', 'clear_pr_title', 'clear_commit_message', 'high_contributor_acceptance_rate', 'good_code_quality', 'responsive_to_feedback']",
193,yes,[],"['clear_alignment_with_issue', 'includes_test_cases', 'high_contributor_acceptance_rate', 'manageable_number_of_changed_lines', 'clear_pr_title', 'clear_pr_description', 'clear_commit_message', 'good_code_quality', 'responsive_to_feedback']",
194,yes,[],"['clear_alignment_with_issue', 'includes_test_cases', 'high_contributor_acceptance_rate', 'manageable_number_of_changed_lines', 'clear_pr_title', 'clear_pr_description', 'clear_commit_message', 'good_code_quality', 'responsive_to_feedback']",
195,yes,[],"['clear_alignment_with_issue', 'includes_test_cases', 'high_contributor_acceptance_rate', 'manageable_number_of_changed_lines', 'clear_pr_title', 'clear_pr_description', 'clear_commit_message', 'good_code_quality', 'responsive_to_feedback']",
196,yes,[],"['clear_alignment_with_issue', 'includes_test_cases', 'high_contributor_acceptance_rate', 'manageable_number_of_changed_lines', 'clear_pr_title', 'clear_pr_description', 'clear_commit_message', 'good_code_quality', 'responsive_to_feedback']",
197,yes,[],"['clear_alignment_with_issue', 'high_contributor_acceptance_rate', 'manageable_number_of_changed_lines', 'clear_pr_title', 'clear_pr_description', 'clear_commit_message']",
198,yes,[],"['clear_alignment_with_issue', 'manageable_number_of_changed_lines', 'clear_pr_title', 'clear_pr_description', 'clear_commit_message', 'responsive_to_feedback', 'high_contributor_acceptance_rate']",
199,yes,['unclear_or_missing_commit_messages'],"['clear_alignment_with_issue', 'manageable_number_of_changed_lines', 'clear_pr_title', 'clear_pr_description', 'high_contributor_acceptance_rate', 'good_code_quality']",
200,yes,"['unclear_or_missing_pr_description', 'unclear_or_missing_commit_messages']","['clear_alignment_with_issue', 'manageable_number_of_changed_lines', 'clear_pr_title', 'includes_test_cases', 'responsive_to_feedback']",
201,yes,['low_contributor_acceptance_rate'],"['clear_alignment_with_issue', 'manageable_number_of_changed_lines', 'clear_pr_title', 'clear_pr_description', 'clear_commit_message', 'good_code_quality']",
202,yes,[],"['clear_alignment_with_issue', 'high_contributor_acceptance_rate', 'manageable_number_of_changed_lines', 'clear_pr_title', 'clear_pr_description', 'clear_commit_message', 'good_code_quality']",
203,no,['negative_sentiment_in_comments'],"['clear_alignment_with_issue', 'high_contributor_acceptance_rate', 'manageable_number_of_changed_lines', 'clear_pr_title', 'clear_commit_message', 'responsive_to_feedback']",
204,no,"['negative_sentiment_in_comments', 'low_contributor_acceptance_rate']","['clear_alignment_with_issue', 'includes_test_cases', 'manageable_number_of_changed_lines', 'clear_pr_title', 'clear_commit_message', 'clear_pr_description']",
205,no,"['pr_not_aligned_with_issue', 'negative_sentiment_in_comments']","['clear_pr_title', 'clear_commit_message', 'manageable_number_of_changed_lines', 'clear_pr_description']",
206,yes,['negative_sentiment_in_comments'],"['clear_alignment_with_issue', 'includes_test_cases', 'high_contributor_acceptance_rate', 'manageable_number_of_changed_lines', 'clear_pr_title', 'clear_pr_description', 'clear_commit_message', 'good_code_quality', 'responsive_to_feedback']",
207,yes,[],"['clear_alignment_with_issue', 'includes_test_cases', 'high_contributor_acceptance_rate', 'manageable_number_of_changed_lines', 'clear_pr_title', 'clear_commit_message', 'good_code_quality', 'responsive_to_feedback', 'clear_pr_description']",
208,yes,[],"['clear_alignment_with_issue', 'includes_test_cases', 'high_contributor_acceptance_rate', 'manageable_number_of_changed_lines', 'clear_pr_title', 'clear_pr_description', 'clear_commit_message', 'good_code_quality', 'responsive_to_feedback']",
209,yes,[],"['clear_alignment_with_issue', 'includes_test_cases', 'manageable_number_of_changed_lines', 'clear_pr_title', 'clear_pr_description', 'clear_commit_message', 'good_code_quality']",
210,no,"['pr_not_aligned_with_issue', 'low_contributor_acceptance_rate', 'negative_sentiment_in_comments']","['manageable_number_of_changed_lines', 'clear_pr_title', 'clear_commit_message']",
211,yes,['low_contributor_acceptance_rate'],"['clear_alignment_with_issue', 'manageable_number_of_changed_lines', 'clear_pr_title', 'clear_pr_description', 'clear_commit_message', 'good_code_quality']",
212,no,"['unclear_or_missing_pr_description', 'negative_sentiment_in_comments']","['clear_alignment_with_issue', 'high_contributor_acceptance_rate', 'manageable_number_of_changed_lines', 'clear_pr_title', 'clear_commit_message', 'good_code_quality']",
213,no,"['negative_sentiment_in_comments', 'solution_incorrect_or_inefficient']","['clear_alignment_with_issue', 'includes_test_cases', 'high_contributor_acceptance_rate', 'manageable_number_of_changed_lines', 'clear_pr_title', 'clear_pr_description', 'clear_commit_message', 'responsive_to_feedback']",
214,no,"['low_contributor_acceptance_rate', 'negative_sentiment_in_comments', 'unresponsive_after_feedback']","['clear_alignment_with_issue', 'manageable_number_of_changed_lines', 'clear_pr_title', 'clear_commit_message']",
215,yes,[],"['clear_alignment_with_issue', 'positive_sentiment_in_comments', 'manageable_number_of_changed_lines', 'clear_pr_title', 'clear_pr_description', 'clear_commit_message', 'responsive_to_feedback', 'high_contributor_acceptance_rate']",
216,no,"['low_contributor_acceptance_rate', 'negative_sentiment_in_comments', 'large_number_of_changed_lines', 'breaks_compatibility']","['clear_alignment_with_issue', 'includes_test_cases', 'clear_pr_title', 'clear_commit_message']",
217,no,['negative_sentiment_in_comments'],"['clear_alignment_with_issue', 'includes_test_cases', 'high_contributor_acceptance_rate', 'manageable_number_of_changed_lines', 'clear_pr_title', 'clear_pr_description', 'clear_commit_message', 'good_code_quality', 'responsive_to_feedback']",
218,no,"['low_contributor_acceptance_rate', 'negative_sentiment_in_comments', 'unclear_or_missing_pr_description', 'poor_code_quality', 'solution_incorrect_or_inefficient']","['clear_alignment_with_issue', 'manageable_number_of_changed_lines', 'clear_pr_title', 'clear_commit_message']",
219,yes,['large_number_of_changed_lines'],"['clear_alignment_with_issue', 'includes_test_cases', 'high_contributor_acceptance_rate', 'clear_pr_title', 'clear_pr_description', 'clear_commit_message', 'good_code_quality', 'responsive_to_feedback']",
220,yes,[],"['clear_alignment_with_issue', 'includes_test_cases', 'high_contributor_acceptance_rate', 'manageable_number_of_changed_lines', 'clear_pr_title', 'clear_pr_description', 'clear_commit_message', 'good_code_quality', 'responsive_to_feedback']",
221,yes,[],"['clear_alignment_with_issue', 'includes_test_cases', 'high_contributor_acceptance_rate', 'manageable_number_of_changed_lines', 'clear_pr_title', 'clear_pr_description', 'clear_commit_message', 'good_code_quality']",
222,yes,[],"['clear_alignment_with_issue', 'includes_test_cases', 'clear_pr_title', 'clear_pr_description', 'clear_commit_message', 'manageable_number_of_changed_lines', 'responsive_to_feedback']",
223,yes,['low_contributor_acceptance_rate'],"['clear_alignment_with_issue', 'includes_test_cases', 'manageable_number_of_changed_lines', 'clear_pr_title', 'clear_pr_description', 'clear_commit_message', 'good_code_quality']",
224,yes,[],"['clear_alignment_with_issue', 'includes_test_cases', 'high_contributor_acceptance_rate', 'manageable_number_of_changed_lines', 'clear_pr_title', 'clear_pr_description', 'clear_commit_message', 'good_code_quality', 'responsive_to_feedback']",
225,yes,"['pr_not_aligned_with_issue', 'negative_sentiment_in_comments']","['manageable_number_of_changed_lines', 'clear_pr_title', 'clear_pr_description', 'clear_commit_message', 'high_contributor_acceptance_rate']",
226,yes,[],"['clear_alignment_with_issue', 'includes_test_cases', 'high_contributor_acceptance_rate', 'manageable_number_of_changed_lines', 'clear_pr_title', 'clear_pr_description', 'clear_commit_message', 'good_code_quality', 'responsive_to_feedback']",
227,yes,[],"['clear_alignment_with_issue', 'includes_test_cases', 'high_contributor_acceptance_rate', 'manageable_number_of_changed_lines', 'clear_pr_title', 'clear_pr_description', 'clear_commit_message', 'good_code_quality', 'responsive_to_feedback']",
228,yes,[],"['clear_alignment_with_issue', 'includes_test_cases', 'high_contributor_acceptance_rate', 'manageable_number_of_changed_lines', 'clear_pr_title', 'clear_pr_description', 'clear_commit_message', 'good_code_quality', 'responsive_to_feedback']",
229,yes,[],"['clear_alignment_with_issue', 'includes_test_cases', 'high_contributor_acceptance_rate', 'manageable_number_of_changed_lines', 'clear_pr_title', 'clear_pr_description', 'clear_commit_message', 'good_code_quality', 'responsive_to_feedback']",
230,yes,[],"['clear_alignment_with_issue', 'manageable_number_of_changed_lines', 'clear_pr_title', 'clear_pr_description', 'clear_commit_message', 'good_code_quality', 'high_contributor_acceptance_rate']",
231,yes,[],"['clear_alignment_with_issue', 'includes_test_cases', 'high_contributor_acceptance_rate', 'manageable_number_of_changed_lines', 'clear_pr_title', 'clear_pr_description', 'clear_commit_message', 'good_code_quality', 'responsive_to_feedback']",
232,yes,[],"['clear_alignment_with_issue', 'manageable_number_of_changed_lines', 'clear_pr_title', 'clear_pr_description', 'clear_commit_message', 'good_code_quality', 'high_contributor_acceptance_rate', 'responsive_to_feedback']",
233,yes,[],"['clear_alignment_with_issue', 'includes_test_cases', 'high_contributor_acceptance_rate', 'manageable_number_of_changed_lines', 'clear_pr_title', 'clear_pr_description', 'clear_commit_message', 'good_code_quality']",
234,yes,[],"['clear_alignment_with_issue', 'manageable_number_of_changed_lines', 'clear_pr_title', 'clear_pr_description', 'clear_commit_message']",
235,yes,[],"['clear_alignment_with_issue', 'includes_test_cases', 'high_contributor_acceptance_rate', 'manageable_number_of_changed_lines', 'clear_pr_title', 'clear_pr_description', 'clear_commit_message', 'good_code_quality', 'responsive_to_feedback']",
236,yes,[],"['clear_alignment_with_issue', 'includes_test_cases', 'high_contributor_acceptance_rate', 'manageable_number_of_changed_lines', 'clear_pr_title', 'clear_pr_description', 'clear_commit_message', 'good_code_quality', 'responsive_to_feedback']",
237,yes,[],"['clear_alignment_with_issue', 'includes_test_cases', 'high_contributor_acceptance_rate', 'manageable_number_of_changed_lines', 'clear_pr_title', 'clear_pr_description', 'clear_commit_message', 'good_code_quality', 'responsive_to_feedback']",
238,yes,[],"['clear_alignment_with_issue', 'includes_test_cases', 'high_contributor_acceptance_rate', 'manageable_number_of_changed_lines', 'clear_pr_title', 'clear_pr_description', 'clear_commit_message', 'good_code_quality', 'responsive_to_feedback']",
239,yes,[],"['clear_alignment_with_issue', 'includes_test_cases', 'manageable_number_of_changed_lines', 'clear_pr_title', 'clear_pr_description', 'clear_commit_message', 'good_code_quality', 'responsive_to_feedback']",
240,yes,['missing_or_inadequate_test_cases'],"['clear_alignment_with_issue', 'high_contributor_acceptance_rate', 'manageable_number_of_changed_lines', 'clear_pr_title', 'clear_pr_description', 'clear_commit_message', 'good_code_quality']",
241,yes,[],"['clear_alignment_with_issue', 'includes_test_cases', 'clear_pr_title', 'clear_pr_description', 'clear_commit_message', 'manageable_number_of_changed_lines', 'responsive_to_feedback']",
242,yes,[],"['clear_alignment_with_issue', 'includes_test_cases', 'high_contributor_acceptance_rate', 'manageable_number_of_changed_lines', 'clear_pr_title', 'clear_pr_description', 'clear_commit_message', 'good_code_quality', 'responsive_to_feedback']",
243,yes,[],"['clear_alignment_with_issue', 'high_contributor_acceptance_rate', 'manageable_number_of_changed_lines', 'clear_pr_title', 'clear_pr_description', 'clear_commit_message']",
244,yes,[],"['clear_alignment_with_issue', 'includes_test_cases', 'high_contributor_acceptance_rate', 'manageable_number_of_changed_lines', 'clear_pr_title', 'clear_pr_description', 'clear_commit_message', 'good_code_quality', 'responsive_to_feedback']",
245,yes,['low_contributor_acceptance_rate'],"['clear_alignment_with_issue', 'manageable_number_of_changed_lines', 'clear_pr_title', 'clear_pr_description', 'clear_commit_message', 'positive_sentiment_in_comments']",
246,yes,['fails_tests'],"['clear_alignment_with_issue', 'includes_test_cases', 'high_contributor_acceptance_rate', 'manageable_number_of_changed_lines', 'clear_pr_title', 'clear_pr_description', 'clear_commit_message']",
247,yes,[],"['clear_alignment_with_issue', 'high_contributor_acceptance_rate', 'manageable_number_of_changed_lines', 'clear_pr_title', 'clear_pr_description', 'clear_commit_message', 'good_code_quality', 'responsive_to_feedback']",
248,yes,[],"['clear_alignment_with_issue', 'includes_test_cases', 'manageable_number_of_changed_lines', 'clear_pr_title', 'clear_pr_description', 'clear_commit_message', 'good_code_quality', 'responsive_to_feedback']",
249,yes,[],"['clear_alignment_with_issue', 'includes_test_cases', 'good_code_quality', 'manageable_number_of_changed_lines', 'clear_pr_title', 'clear_pr_description', 'clear_commit_message', 'responsive_to_feedback']",
250,yes,['negative_sentiment_in_comments'],"['clear_alignment_with_issue', 'high_contributor_acceptance_rate', 'manageable_number_of_changed_lines', 'clear_pr_title', 'clear_pr_description', 'clear_commit_message', 'good_code_quality']",
251,no,['negative_sentiment_in_comments'],"['clear_alignment_with_issue', 'high_contributor_acceptance_rate', 'manageable_number_of_changed_lines', 'clear_pr_title', 'clear_pr_description', 'clear_commit_message', 'good_code_quality']",
252,yes,[],"['clear_alignment_with_issue', 'includes_test_cases', 'high_contributor_acceptance_rate', 'manageable_number_of_changed_lines', 'clear_pr_title', 'clear_pr_description', 'clear_commit_message', 'good_code_quality']",
253,yes,['duplicate_of #4776'],"['clear_alignment_with_issue', 'includes_test_cases', 'high_contributor_acceptance_rate', 'manageable_number_of_changed_lines', 'clear_pr_title', 'clear_pr_description', 'clear_commit_message', 'good_code_quality']",
254,no,"['negative_sentiment_in_comments', 'low_contributor_acceptance_rate']","['clear_alignment_with_issue', 'manageable_number_of_changed_lines', 'clear_pr_title', 'clear_commit_message', 'clear_pr_description']",
255,yes,[],"['clear_alignment_with_issue', 'high_contributor_acceptance_rate', 'manageable_number_of_changed_lines', 'clear_pr_title', 'clear_commit_message', 'responsive_to_feedback']",
256,no,"['pr_not_aligned_with_issue', 'negative_sentiment_in_comments']","['clear_pr_title', 'clear_pr_description', 'clear_commit_message', 'includes_test_cases', 'manageable_number_of_changed_lines', 'high_contributor_acceptance_rate']",
257,yes,"['low_contributor_acceptance_rate', 'negative_sentiment_in_comments']","['clear_alignment_with_issue', 'manageable_number_of_changed_lines', 'clear_pr_title', 'clear_pr_description', 'clear_commit_message']",
258,no,"['fails_tests', 'negative_sentiment_in_comments']","['clear_alignment_with_issue', 'high_contributor_acceptance_rate', 'manageable_number_of_changed_lines', 'clear_pr_title', 'clear_pr_description', 'clear_commit_message']",
259,yes,[],"['clear_alignment_with_issue', 'manageable_number_of_changed_lines', 'clear_pr_title', 'clear_pr_description', 'clear_commit_message', 'responsive_to_feedback']",
260,yes,['unclear_or_missing_pr_description'],"['clear_alignment_with_issue', 'manageable_number_of_changed_lines', 'clear_pr_title', 'clear_commit_message', 'positive_sentiment_in_comments', 'good_code_quality']",
261,no,"['pr_not_aligned_with_issue', 'low_contributor_acceptance_rate', 'negative_sentiment_in_comments', 'unclear_or_missing_pr_description', 'poor_code_quality', 'solution_incorrect_or_inefficient', 'overengineered_solution']","['manageable_number_of_changed_lines', 'clear_pr_title', 'clear_commit_message']",
262,no,"['pr_not_aligned_with_issue', 'low_contributor_acceptance_rate', 'negative_sentiment_in_comments']","['manageable_number_of_changed_lines', 'clear_pr_title', 'clear_commit_message']",
263,no,"['low_contributor_acceptance_rate', 'negative_sentiment_in_comments']","['clear_alignment_with_issue', 'includes_test_cases', 'manageable_number_of_changed_lines', 'clear_pr_title', 'clear_pr_description', 'clear_commit_message']",
264,yes,['negative_sentiment_in_comments'],"['clear_alignment_with_issue', 'high_contributor_acceptance_rate', 'manageable_number_of_changed_lines', 'clear_pr_title', 'clear_pr_description', 'clear_commit_message']",
265,yes,['negative_sentiment_in_comments'],"['clear_alignment_with_issue', 'includes_test_cases', 'high_contributor_acceptance_rate', 'manageable_number_of_changed_lines', 'clear_pr_title', 'clear_pr_description', 'clear_commit_message', 'good_code_quality', 'responsive_to_feedback']",
266,no,"['solution_incorrect_or_inefficient', 'negative_sentiment_in_comments']","['clear_alignment_with_issue', 'high_contributor_acceptance_rate', 'manageable_number_of_changed_lines', 'clear_pr_title', 'clear_pr_description', 'clear_commit_message']",
267,no,"['low_contributor_acceptance_rate', 'negative_sentiment_in_comments', 'large_number_of_changed_lines', 'solution_incorrect_or_inefficient']","['clear_alignment_with_issue', 'manageable_number_of_changed_lines', 'clear_pr_title', 'clear_pr_description', 'clear_commit_message']",
268,no,"['negative_sentiment_in_comments', 'solution_incorrect_or_inefficient']","['clear_alignment_with_issue', 'high_contributor_acceptance_rate', 'manageable_number_of_changed_lines', 'clear_pr_title', 'clear_pr_description', 'clear_commit_message']",
269,no,"['negative_sentiment_in_comments', 'solution_incorrect_or_inefficient']","['clear_alignment_with_issue', 'includes_test_cases', 'manageable_number_of_changed_lines', 'clear_pr_title', 'clear_pr_description', 'clear_commit_message']",
270,no,"['negative_sentiment_in_comments', 'solution_incorrect_or_inefficient', 'pr_not_aligned_with_issue']","['clear_alignment_with_issue', 'includes_test_cases', 'high_contributor_acceptance_rate', 'manageable_number_of_changed_lines', 'clear_pr_title', 'clear_commit_message']",
271,yes,[],"['clear_alignment_with_issue', 'includes_test_cases', 'manageable_number_of_changed_lines', 'clear_pr_title', 'clear_pr_description', 'clear_commit_message', 'responsive_to_feedback']",
272,yes,['breaks_compatibility'],"['clear_alignment_with_issue', 'includes_test_cases', 'high_contributor_acceptance_rate', 'manageable_number_of_changed_lines', 'clear_pr_title', 'clear_pr_description', 'clear_commit_message', 'good_code_quality']",
273,yes,[],"['clear_alignment_with_issue', 'includes_test_cases', 'high_contributor_acceptance_rate', 'manageable_number_of_changed_lines', 'clear_pr_title', 'clear_pr_description', 'clear_commit_message', 'good_code_quality', 'responsive_to_feedback']",
274,yes,[],"['clear_alignment_with_issue', 'includes_test_cases', 'high_contributor_acceptance_rate', 'manageable_number_of_changed_lines', 'clear_pr_title', 'clear_pr_description', 'clear_commit_message', 'good_code_quality', 'responsive_to_feedback']",
275,yes,[],"['clear_alignment_with_issue', 'clear_pr_title', 'clear_pr_description', 'clear_commit_message', 'manageable_number_of_changed_lines', 'responsive_to_feedback']",
276,yes,[],"['clear_alignment_with_issue', 'includes_test_cases', 'high_contributor_acceptance_rate', 'manageable_number_of_changed_lines', 'clear_pr_title', 'clear_pr_description', 'clear_commit_message', 'good_code_quality', 'responsive_to_feedback']",
277,yes,[],"['clear_alignment_with_issue', 'includes_test_cases', 'high_contributor_acceptance_rate', 'manageable_number_of_changed_lines', 'clear_pr_title', 'clear_pr_description', 'clear_commit_message', 'good_code_quality', 'responsive_to_feedback']",
278,yes,[],"['clear_alignment_with_issue', 'includes_test_cases', 'good_code_quality', 'manageable_number_of_changed_lines', 'clear_pr_title', 'clear_pr_description', 'clear_commit_message', 'responsive_to_feedback']",
279,yes,[],"['clear_alignment_with_issue', 'includes_test_cases', 'high_contributor_acceptance_rate', 'manageable_number_of_changed_lines', 'clear_pr_title', 'clear_pr_description', 'clear_commit_message', 'good_code_quality', 'responsive_to_feedback']",
280,yes,['unclear_or_missing_pr_description'],"['clear_alignment_with_issue', 'includes_test_cases', 'high_contributor_acceptance_rate', 'manageable_number_of_changed_lines', 'clear_pr_title', 'clear_commit_message', 'good_code_quality', 'responsive_to_feedback']",
281,yes,[],"['clear_alignment_with_issue', 'includes_test_cases', 'high_contributor_acceptance_rate', 'manageable_number_of_changed_lines', 'clear_pr_title', 'clear_pr_description', 'clear_commit_message', 'good_code_quality', 'responsive_to_feedback']",
282,yes,[],"['clear_alignment_with_issue', 'includes_test_cases', 'high_contributor_acceptance_rate', 'manageable_number_of_changed_lines', 'clear_pr_title', 'clear_pr_description', 'clear_commit_message', 'good_code_quality', 'responsive_to_feedback']",
283,yes,[],"['clear_alignment_with_issue', 'includes_test_cases', 'high_contributor_acceptance_rate', 'manageable_number_of_changed_lines', 'clear_pr_title', 'clear_pr_description', 'clear_commit_message', 'good_code_quality', 'responsive_to_feedback']",
284,yes,[],"['clear_alignment_with_issue', 'includes_test_cases', 'high_contributor_acceptance_rate', 'manageable_number_of_changed_lines', 'clear_pr_title', 'clear_pr_description', 'clear_commit_message', 'good_code_quality']",
285,yes,[],"['clear_alignment_with_issue', 'manageable_number_of_changed_lines', 'clear_pr_title', 'clear_pr_description', 'clear_commit_message', 'high_contributor_acceptance_rate']",
286,yes,[],"['clear_alignment_with_issue', 'includes_test_cases', 'high_contributor_acceptance_rate', 'manageable_number_of_changed_lines', 'clear_pr_title', 'clear_pr_description', 'clear_commit_message', 'good_code_quality', 'responsive_to_feedback', 'positive_sentiment_in_comments']",
287,yes,['unclear_or_missing_pr_description'],"['clear_alignment_with_issue', 'includes_test_cases', 'high_contributor_acceptance_rate', 'manageable_number_of_changed_lines', 'clear_pr_title', 'clear_commit_message', 'good_code_quality', 'responsive_to_feedback']",
288,yes,[],"['clear_alignment_with_issue', 'includes_test_cases', 'high_contributor_acceptance_rate', 'manageable_number_of_changed_lines', 'clear_pr_title', 'clear_pr_description', 'clear_commit_message', 'good_code_quality']",
289,yes,[],"['clear_alignment_with_issue', 'includes_test_cases', 'high_contributor_acceptance_rate', 'manageable_number_of_changed_lines', 'clear_pr_title', 'clear_pr_description', 'clear_commit_message', 'good_code_quality']",
290,yes,[],"['clear_alignment_with_issue', 'includes_test_cases', 'high_contributor_acceptance_rate', 'manageable_number_of_changed_lines', 'clear_pr_title', 'clear_pr_description', 'clear_commit_message', 'good_code_quality', 'responsive_to_feedback']",
291,yes,[],"['clear_alignment_with_issue', 'includes_test_cases', 'high_contributor_acceptance_rate', 'manageable_number_of_changed_lines', 'clear_pr_title', 'clear_pr_description', 'clear_commit_message', 'good_code_quality', 'responsive_to_feedback']",
292,yes,[],"['clear_alignment_with_issue', 'includes_test_cases', 'high_contributor_acceptance_rate', 'manageable_number_of_changed_lines', 'clear_pr_title', 'clear_pr_description', 'clear_commit_message', 'good_code_quality', 'responsive_to_feedback']",
293,yes,['low_contributor_acceptance_rate'],"['clear_alignment_with_issue', 'manageable_number_of_changed_lines', 'clear_pr_title', 'clear_pr_description', 'clear_commit_message', 'responsive_to_feedback']",
294,yes,[],"['clear_alignment_with_issue', 'includes_test_cases', 'high_contributor_acceptance_rate', 'manageable_number_of_changed_lines', 'clear_pr_title', 'clear_pr_description', 'clear_commit_message', 'good_code_quality']",
295,no,"['negative_sentiment_in_comments', 'poor_code_quality']","['clear_alignment_with_issue', 'high_contributor_acceptance_rate', 'manageable_number_of_changed_lines', 'clear_pr_title', 'clear_pr_description', 'clear_commit_message']",
296,yes,[],"['clear_alignment_with_issue', 'includes_test_cases', 'high_contributor_acceptance_rate', 'manageable_number_of_changed_lines', 'clear_pr_title', 'clear_pr_description', 'clear_commit_message', 'good_code_quality', 'responsive_to_feedback']",
297,no,"['large_number_of_changed_lines', 'low_contributor_acceptance_rate', 'fails_tests', 'overengineered_solution']","['clear_alignment_with_issue', 'clear_pr_title', 'clear_pr_description', 'clear_commit_message', 'responsive_to_feedback']",
298,no,"['unclear_or_missing_pr_description', 'solution_incorrect_or_inefficient']","['clear_alignment_with_issue', 'manageable_number_of_changed_lines', 'clear_pr_title', 'clear_commit_message']",
299,yes,[],"['clear_alignment_with_issue', 'includes_test_cases', 'good_code_quality', 'manageable_number_of_changed_lines', 'clear_pr_title', 'clear_pr_description', 'clear_commit_message']",
